<?xml version="1.0" encoding="UTF-8"?>
<?xml-stylesheet type="text/xsl" href="display.xsl"?>
<students>
    <student>
        <name>Ananya</name>
        <gender>Female</gender>
        <branch>CS</branch>
        <address>abc, Kottayam</address>
    </student>
    <student>
        <name>Anil</name>
        <gender>Male</gender>
        <branch>EC</branch>
        <address>xyz, Kollam</address>
    </student>
    <student>
        <name>Ranjana</name>
        <gender>Female</gender>
        <branch>IT</branch>
        <address>Thrissur</address>
    </student>
</students>